{
    "tdis_tot": 3.5199441981138175,
    "idis_tot": 0.0,
    "ener_tot": 208.64597804212076,
    "cost_tot": 6.659577899383953,
    "emis_tot": 94.08579757527153,
    "time_rat": 0.0009656628526738574
}