{
    "tdis_tot": 7.782318290553487,
    "idis_tot": 0.0,
    "ener_tot": 214.26517889288456,
    "cost_tot": 6.821096209829862,
    "emis_tot": 96.45395359288995,
    "time_rat": 0.0007898729243483416
}