,ener_tot,tdis_tot,idis_tot,cost_tot,emis_tot,episodes,scores,total_cost,energy_total_cost,tdisc_total_cost,day_no,DR_start_time,DR_end_time
0,0.1820656999708755,4.687294191543565,0.0,0.013472861797844784,0.04760407489321402,1,-726.5283976600037,271.8972907160054,9.150042816000035,250.58000000000524,213,17.497,19.525
