,ener_tot,tdis_tot,idis_tot,cost_tot,emis_tot,episodes,scores,total_cost,energy_total_cost,tdisc_total_cost,day_no,DR_start_time,DR_end_time
0,0.1820656999708755,4.687294191543565,0.0,0.013472861797844784,0.04760407489321402,1,-726.5283976600037,271.8972907160054,9.150042816000035,250.58000000000524,213,17.497,19.525
1,0.25501870568334606,10.134156228583636,0.0,0.018871384220567607,0.0666788393775571,2,-1327.9485148000117,699.5171302960098,12.825130296000017,686.6920000000099,215,16.553,18.959
2,0.1434322015934214,4.622198677652341,0.0,0.010613982917913184,0.03750271065798805,3,-696.3872972500002,279.0381472900029,7.206147290000016,271.8320000000025,247,17.14,20.074
3,0.17303642621875132,11.38229368051336,0.0,0.012804695540187596,0.04524322260749403,4,-1177.2753630000122,750.9799072600109,8.699907260000025,742.2800000000116,233,17.322,19.465
4,0.14017746363073028,4.381249350423623,0.0,0.010373132308674038,0.03665170582973912,5,-615.8001198366707,262.45212808200586,7.044128082000018,255.40800000000513,248,16.775,19.208
