,ener_tot,tdis_tot,idis_tot,cost_tot,emis_tot,episodes,scores,total_cost,energy_total_cost,tdisc_total_cost,day_no,DR_start_time,DR_end_time
0,0.11455908834335461,1.2488196861211527,0.0,0.00847737253740824,0.029953359814988527,26,-406.69665146666733,124.75278748400076,5.753932783999996,114.76800000000111,209,16.52243661219852,18.75457085282761
1,0.11579975985107722,4.687949798074072,0.0,0.008569182228979715,0.0302777538078216,27,-782.9850750833306,340.9362366299981,5.816236630000013,335.119999999998,141,17.134973709791225,20.0258703276588
2,0.1760066294477316,2.403226023932257,0.0,0.013024490579132134,0.04601983114486854,28,-598.3750866433336,154.0382616400015,8.850261640000006,145.1880000000016,188,16.79233834561057,18.833954940704878
