,ener_tot,tdis_tot,idis_tot,cost_tot,emis_tot,episodes,scores,total_cost,energy_total_cost,tdisc_total_cost,day_no,DR_start_time,DR_end_time
0,0.26714957607606893,9.163886691559993,0.0,0.042993745610831496,0.06915177872265181,6,-1453.7641919283283,472.77246794066014,13.414027974000042,452.18666666666064,164,17.492607216046796,19.890805721223046
1,0.3577981638069153,9.306872278510145,0.0,0.02647706412171174,0.09355222092488322,7,-1351.5596162000054,469.8461523240047,17.994152323999995,451.85200000000486,199,17.05414276541447,19.55782449706582
2,0.28192389367990417,14.886939400936141,0.0,0.027400073720824897,0.07351691127483977,8,-1909.6868999033243,756.7369178059909,14.188917806000026,742.5479999999916,159,16.856455622154307,19.47776460048315
3,0.28674234396313325,9.550161108859653,0.0,0.021218933453271863,0.07497350692228297,9,-1149.9227745000023,443.5987754900019,14.414775490000006,429.1840000000018,170,16.95931276841573,19.385851247874015
