,ener_tot,tdis_tot,idis_tot,cost_tot,emis_tot,episodes,scores,total_cost,energy_total_cost,tdisc_total_cost,energy_sold_total_cost,ppen_total_cost,day_no,DR_start_time,DR_end_time,DR_duration
0,4.927566689,0.035829769,0,34.37899413,0.119033226,1,-2181.840036,925.1265015,69.11603068,797.9793333,18.01688939,76.04802689,7,16.2,19.4,3.2
1,4.338150604,0,0,29.90620215,0.117188791,2,-366.7468151,257.2308281,86.4010916,191.844,21.01426349,0,14,14.8,17.3,2.5
2,4.908981854,0,0,34.11977464,0.123038195,3,-2884.75262,1130.711248,91.43947257,619.188,5.479725711,425.563501,28,15.4,19,3.6
3,3.401428881,8.059586043,0,22.95794356,0.108754696,4,-995.9946816,939.6098985,77.86730444,620.988,23.65052874,264.4051228,22,16,18.8,2.8
4,4.563657405,12.30756445,0,30.39430967,0.125442982,5,-3032.284809,1701.430808,73.82252793,858.73,31.05769392,799.9359739,31,17.2,20.4,3.2
5,2.494437494,4.708246708,0,15.93732177,0.09257509,6,-717.1262018,492.7849126,65.65894321,373.082,36.91672938,90.96069873,40,15.2,18.6,3.4
6,4.167327699,10.12067827,0,27.587936,0.120474257,7,-1599.928371,1435.554859,84.47195129,799.08,38.55216342,590.5550714,46,15.8,18.8,3
,,,,,,,,,,,,,,,,
,,,,,,,,983.207008,78.39676025,608.6987619,24.95542772,321.0669135,,,,
