{"tdis_tot": 19.758884873875036, "idis_tot": 0.0, "ener_tot": 197.5321668697468, "cost_tot": 6.337497705335092, "emis_tot": 89.3776019679367, "time_rat": 0.0007253663991248012}