{
    "tdis_tot": 5.1567395034826475,
    "idis_tot": 0.0,
    "ener_tot": 208.6834639037588,
    "cost_tot": 6.66065539418244,
    "emis_tot": 94.10159562787287,
    "time_rat": 0.0008416764356810319
}