{"tdis_tot": 2.5522286404146852, "idis_tot": 0.0, "ener_tot": 0.24349887295910078, "cost_tot": 1.4071480550000313, "emis_tot": 0.015910705673704274, "time_rat": 0.003569713959710523}