,ener_tot,tdis_tot,idis_tot,cost_tot,emis_tot,episodes,scores
0,187.7571655718808,27.325501752967206,0.0,6.087859262108334,85.5491986556681,1,-5608.294299999848
