,ener_tot,tdis_tot,idis_tot,cost_tot,emis_tot,episodes,scores,day_no
0,2.4869522688309854e-07,0.0,0.0,1.8403446789349295e-08,6.502546173179083e-08,121,-0.0035999999999999995,3
