{"tdis_tot": 26.321507700600147, "idis_tot": 0.0, "ener_tot": 207.14172754647828, "cost_tot": 6.613714917428753, "emis_tot": 93.4274552195541, "time_rat": 0.0008574629162246757}