,ener_tot,tdis_tot,idis_tot,cost_tot,emis_tot,episodes,scores
0,1.412312448383679,0.39778194006596507,0.0,4.505065291360846,0.21798818366844924,7,-4489.0745499999675
1,1.3783588075828224,0.23832855956360238,0.0,4.388502826771795,0.2130313019903413,8,-3192.500299999957
2,1.3346302147320266,0.41760220471151477,0.0,4.230664885948319,0.2069127168570777,9,-3966.6458999999313
3,1.3250138839600063,0.5262206692820324,0.0,4.198998838040491,0.2054625339867216,10,-4546.327899999962
4,1.3681328151015273,0.352563394986716,0.0,4.353981357306883,0.2115183269666331,11,-3674.17274999997
5,1.3388548346232438,0.33404655898013985,0.0,4.253506311381634,0.2072428083081766,12,-3485.894149999936
