,ener_tot,tdis_tot,idis_tot,cost_tot,emis_tot,episodes,scores
0,1.1704315358316788,0.8630003109703983,0.0,3.6171775855013313,0.18465327907498674,1,-5597.336549999964
1,1.1535646406470876,0.8740207380640663,0.0,3.567210268643499,0.1819180402543513,2,-5597.769999999955
2,1.1783476908650532,0.7029634394375064,0.0,3.6421863107195156,0.18588346607743764,3,-4562.609999999959
3,1.0894982017319197,1.1471972813577642,0.0,3.3342272657809797,0.17301342037147246,4,-6113.031249999947
