,ener_tot,tdis_tot,idis_tot,cost_tot,emis_tot,episodes,scores
0,2.5079895692952996,3.863249556701967,0.0,8.484220104097801,0.3704613045745134,51,-20442.11269999983
