,ener_tot,tdis_tot,idis_tot,cost_tot,emis_tot,episodes,scores
0,1.1707653908315034,0.23968121450559055,0.0,3.633624475529989,0.18417600197409703,46,-2201.2563500000274
