,ener_tot,tdis_tot,idis_tot,cost_tot,emis_tot,episodes,scores
0,0.0031479119850591772,0.0,0.0,0.01089895157191464,0.00045639283617638927,101,-15.669999999999998
1,0.0031479119850591772,0.0,0.0,0.01089895157191464,0.00045639283617638927,102,-15.669999999999998
