,ener_tot,tdis_tot,idis_tot,cost_tot,emis_tot,episodes,scores
0,1.1707653908315034,0.23968121450559055,0.0,3.633624475529989,0.18417600197409703,46,-2201.2563500000274
1,1.1572611339134722,0.2424491804949711,0.0,3.5928297649040872,0.18201319502439667,47,-2193.3043500000026
2,1.168928079903138,0.1678829762814801,0.0,3.6261688895925595,0.18394724402049828,48,-1909.305000000033
3,1.1525256572589975,0.2287665910717062,0.0,3.5742424025004254,0.18140198401665103,49,-2147.4657500000244
4,1.188885113617174,0.17366076450138582,0.0,3.6969820290675037,0.18678166503501642,50,-1992.8869500000333
