,ener_tot,tdis_tot,idis_tot,cost_tot,emis_tot,episodes,scores
0,1.412312448383679,0.39778194006596507,0.0,4.505065291360846,0.21798818366844924,7,-4489.0745499999675
