,ener_tot,tdis_tot,idis_tot,cost_tot,emis_tot,episodes,scores
0,1.1707653908315034,0.23968121450559055,0.0,3.633624475529989,0.18417600197409703,46,-2201.2563500000274
1,1.1572611339134722,0.2424491804949711,0.0,3.5928297649040872,0.18201319502439667,47,-2193.3043500000026
2,1.168928079903138,0.1678829762814801,0.0,3.6261688895925595,0.18394724402049828,48,-1909.305000000033
