,ener_tot,tdis_tot,idis_tot,cost_tot,emis_tot,episodes,scores
0,1.2301194889914742,0.20237942932412137,0.0,3.837511853899579,0.19283677655874304,26,-2533.1102000000337
1,1.1910524723582108,0.189924714878319,0.0,3.6968199948485805,0.1873594409146313,27,-2220.82845000004
2,1.1817228277795433,0.40690160328262864,0.0,3.6692382864592927,0.1858445330058318,28,-3289.0340000000333
