,ener_tot,tdis_tot,idis_tot,cost_tot,emis_tot,episodes,scores
0,1.1754592109828312,0.26114965545197144,0.0,3.6508828764464445,0.18482190284309447,36,-2319.1679000000236
