,ener_tot,tdis_tot,idis_tot,cost_tot,emis_tot,episodes,scores
0,1.3368181025783086,0.7183487168616354,0.0,4.23322952789485,0.20740217378003883,6,-5401.703199999878
