,ener_tot,tdis_tot,idis_tot,cost_tot,emis_tot,episodes,scores
0,1.412312448383679,0.39778194006596507,0.0,4.505065291360846,0.21798818366844924,7,-4489.0745499999675
1,1.3783588075828224,0.23832855956360238,0.0,4.388502826771795,0.2130313019903413,8,-3192.500299999957
