,ener_tot,tdis_tot,idis_tot,cost_tot,emis_tot,episodes,scores
0,2.5079895692952996,3.863249556701967,0.0,8.484220104097801,0.3704613045745134,51,-20442.11269999983
1,2.6023758614227828,2.172150910266285,0.0,8.832806870003374,0.3833964068286061,52,-12908.506149999761
