,ener_tot,tdis_tot,idis_tot,cost_tot,emis_tot,episodes,scores
0,1.7444433730521318,0.589707487419036,0.0,5.701549270649229,0.2645409797797722,55,-4507.532649999918
