,ener_tot,tdis_tot,idis_tot,cost_tot,emis_tot,episodes,scores
0,263.6992382289592,165.15116782781558,0.0,8.28296740633189,117.66786576165003,1,-87962.3440999998
