,ener_tot,tdis_tot,idis_tot,cost_tot,emis_tot,episodes,scores
0,1.1754592109828312,0.26114965545197144,0.0,3.6508828764464445,0.18482190284309447,36,-2319.1679000000236
1,1.162541826688321,0.20957454921239285,0.0,3.604857686382503,0.18299385209954228,37,-2132.2406000000396
2,1.1792322632004735,0.16221926429230676,0.0,3.669738672072654,0.18516979541051432,38,-1876.0839000000258
3,1.1634921048641713,0.15242194209614005,0.0,3.605928336687692,0.18320792820574516,39,-1758.6153000000133
4,1.1840319207440184,0.36973791604483175,0.0,3.6768410979490684,0.18619278497202474,40,-2989.2618500000085
5,1.181991795902138,0.2465820740340424,0.0,3.675312058538804,0.18570673663613585,41,-2344.7957500000202
6,1.1739503113347491,0.17604491191909746,0.0,3.6449582303329695,0.18462721759252032,42,-2047.4463500000168
7,1.1812721357603184,0.39188167743205893,0.0,3.668714690341955,0.1857435460089364,43,-3267.064700000023
